{
    "answers": {
        "phase": "design",
        "action": "data design",
        "scope": "frontend",
        "action experience": 3,
        "prog lang": "other",
        "other prog lang": "None",
        "aimodel": "chatgpt",
        "aimodel version": "4.0",
        "lmstudio-hosted aimodel": "No",
        "tool option": "online full",
        "experience with tool": 5,
        "time allocated (h)": "1",
        "time saved estimate (h)": "1",
        "quality of ai help": 5,
        "knowledge acquired": 0,
        "generic feeling - now": 2,
        "generic feeling - future": 2,
        "threat level": 5,
        "notes": "None"
    }
}