{
    "answers": {
        "phase": "coding",
        "action": "data design",
        "scope": "database design",
        "action experience": "fair",
        "prog lang": "js-node",
        "other prog lang": "mongodb",
        "tool": "chat gpt 3.x",
        "other tool": "<fill in>",
        "tool option": "free",
        "tool experience": "enough",
        "time allocated (h)": "4",
        "time saved estimate (h)": "7",
        "quality of ai help": "ready-to-use",
        "generic feeling": "great in the future",
        "notes": "<fill in>"
    }
}