{
    "answers": {
        "phase": "deployment",
        "action": "network operations",
        "scope": "deployment scripts",
        "action experience": 4,
        "prog lang": "yaml/json",
        "other prog lang": "None",
        "aimodel": "chatgpt",
        "aimodel version": "4.0",
        "lmstudio-hosted aimodel": "No",
        "tool option": "online full",
        "experience with tool": 5,
        "time allocated (h)": "1",
        "time saved estimate (h)": "3",
        "quality of ai help": 4,
        "knowledge acquired": 2,
        "generic feeling - now": 2,
        "generic feeling - future": 2,
        "threat level": 5,
        "notes": "None"
    }
}