{
    "answers": {
        "phase": "deployment",
        "action": "container operations",
        "scope": "backend",
        "action experience": "fair",
        "prog lang": "other",
        "other prog lang": "docker",
        "tool": "chat gpt 3.x",
        "other tool": "<fill in>",
        "tool option": "free",
        "tool experience": "enough",
        "time allocated (h)": "2",
        "time saved estimate (h)": "5",
        "quality of ai help": "minor modifications needed",
        "generic feeling": "great in the future",
        "notes": "<fill in>"
    }
}