{
    "answers": {
        "phase": "requirements gathering",
        "action": "problem understanding",
        "scope": "documentation (text)",
        "action experience": "none",
        "prog lang": "other",
        "other prog lang": "json",
        "tool": "chat gpt 4.x",
        "other tool": "<fill in>",
        "tool option": "full",
        "tool experience": "master",
        "time allocated (h)": "1",
        "time saved estimate (h)": "5",
        "quality of ai help": "ready-to-use",
        "generic feeling": "great as-is",
        "notes": "<fill in>"
    }
}