{
    "answers": {
        "phase": "design",
        "action": "code management",
        "scope": "frontend",
        "action experience": "big",
        "prog lang": "js",
        "other prog lang": "react",
        "tool": "chat gpt 4.x",
        "other tool": "<fill in>",
        "tool option": "full",
        "tool experience": "master",
        "time allocated (h)": "3",
        "time saved estimate (h)": "2",
        "quality of ai help": "minor modifications needed",
        "generic feeling": "great as-is",
        "notes": "<fill in>"
    }
}