{
    "answers": {
        "phase": "deployment",
        "action": "container operations",
        "scope": "backend",
        "action experience": "little",
        "prog lang": "other",
        "other prog lang": "docker",
        "tool": "chat gpt 3.x",
        "other tool": "<fill in>",
        "tool option": "free",
        "tool experience": "enough",
        "time allocated (h)": "0.2",
        "time saved estimate (h)": "0.5",
        "quality of ai help": "unusable",
        "generic feeling": "needs work",
        "notes": "<fill in>"
    }
}