{
    "answers": {
        "phase": "coding",
        "action": "container structuring",
        "scope": "github operations",
        "action experience": 5,
        "prog lang": "other",
        "other prog lang": "git",
        "aimodel": "chatgpt",
        "aimodel version": "4.0",
        "lmstudio-hosted aimodel": "No",
        "tool option": "online full",
        "experience with tool": 5,
        "time allocated (h)": "0.5",
        "time saved estimate (h)": "2",
        "quality of ai help": 4,
        "knowledge acquired": 3,
        "generic feeling - now": 3,
        "generic feeling - future": 3,
        "threat level": 5,
        "notes": "None"
    }
}