{
    "answers": {
        "phase": "coding",
        "action": "code management",
        "scope": "frontend",
        "action experience": "little",
        "prog lang": "js",
        "other prog lang": "css",
        "tool": "chat gpt 4.x",
        "other tool": "<fill in>",
        "tool option": "full",
        "tool experience": "enough",
        "time allocated (h)": "2",
        "time saved estimate (h)": "6",
        "quality of ai help": "minor modifications needed",
        "generic feeling": "needs work",
        "notes": "<fill in>"
    }
}