{
    "answers": {
        "phase": "coding",
        "action": "network operations",
        "scope": "messaging deployment",
        "action experience": 4,
        "prog lang": "js-node",
        "other prog lang": "None",
        "aimodel": "chatgpt",
        "aimodel version": "4.0",
        "lmstudio-hosted aimodel": "No",
        "tool option": "online full",
        "experience with tool": 5,
        "time allocated (h)": "2",
        "time saved estimate (h)": "5",
        "quality of ai help": 5,
        "knowledge acquired": 0,
        "generic feeling - now": 2,
        "generic feeling - future": 3,
        "threat level": 5,
        "notes": "None"
    }
}