{
    "answers": {
        "phase": "architecture",
        "action": "design decision",
        "scope": "database design",
        "action experience": "fair",
        "prog lang": "nosql db",
        "other prog lang": "<fill in>",
        "tool": "chat gpt 4.x",
        "other tool": "<fill in>",
        "tool option": "full",
        "tool experience": "enough",
        "time allocated (h)": "3",
        "time saved estimate (h)": "5",
        "quality of ai help": "minor modifications needed",
        "generic feeling": "great in the future",
        "notes": "<fill in>"
    }
}