{
    "answers": {
        "phase": "coding",
        "action": "code management",
        "scope": "backend",
        "action experience": "fair",
        "prog lang": "js-node",
        "other prog lang": "<fill in>",
        "tool": "chat gpt 4.x",
        "other tool": "<fill in>",
        "tool option": "full",
        "tool experience": "enough",
        "time allocated (h)": "2",
        "time saved estimate (h)": "1",
        "quality of ai help": "major modifications needed",
        "generic feeling": "needs work",
        "notes": "<fill in>"
    }
}